{
    "L2_mshap_sing_norm": [
        0.2135921165436629,
        0.4699253492141435,
        0.6712802721042461
    ],
    "L2_mshap_group_norm": [
        0.6637953343319613,
        0.6652298563813553
    ],
    "L2_mshap_sing_diff": [
        0.2135921165436629,
        0.23321126169556977,
        0.05190055656506285
    ],
    "L2_mshap_sing_diff_tot": 0.3204727018062607,
    "L2_mshap_group_diff": [
        0.0467169270212785,
        0.04494105675057266
    ],
    "L2_mshap_group_diff_tot": 0.06482414559536943,
    "L2_aggr_sing_diff_shap": [
        0.3162421300700481,
        0.05190055656506285
    ]
}