{
    "L2_mshap_sing_norm": [
        0.6673796222231879,
        5.6740389859568015e-08,
        0.6678232469168799
    ],
    "L2_mshap_group_norm": [
        0.6673796210701405,
        0.6678232458363683
    ],
    "L2_mshap_sing_diff": [
        0.6673796222231879,
        0.6820193045480296,
        0.03879478502591953
    ],
    "L2_mshap_sing_diff_tot": 0.9550135743957519,
    "L2_mshap_group_diff": [
        0.040110668719265975,
        0.03879478508587828
    ],
    "L2_mshap_group_diff_tot": 0.055802339511584864,
    "L2_aggr_sing_diff_shap": [
        0.9542252836384828,
        0.03879478502591953
    ]
}