{
    "L2_mshap_sing_norm": [
        0.24926556384648602,
        0.4622335809557775,
        0.6738995864558125
    ],
    "L2_mshap_group_norm": [
        0.6659524548377908,
        0.6667349228599573
    ],
    "L2_mshap_sing_diff": [
        0.24926556384648602,
        0.2834068302779798,
        0.0601866263402097
    ],
    "L2_mshap_sing_diff_tot": 0.38219783196419926,
    "L2_mshap_group_diff": [
        0.033571510203942424,
        0.03211918090094269
    ],
    "L2_mshap_group_diff_tot": 0.04646168398929264,
    "L2_aggr_sing_diff_shap": [
        0.37742913608771417,
        0.0601866263402097
    ]
}