{
    "L2_mshap_sing_norm": [
        0.06597252212149796,
        0.6313920750659802,
        0.6685684195733859
    ],
    "L2_mshap_group_norm": [
        0.6724663782945173,
        0.6738919276353917
    ],
    "L2_mshap_sing_diff": [
        0.06597252212149796,
        0.07609309367414618,
        0.0404351603369907
    ],
    "L2_mshap_sing_diff_tot": 0.10852435105289535,
    "L2_mshap_group_diff": [
        0.036379878836179526,
        0.03662018544180637
    ],
    "L2_mshap_group_diff_tot": 0.05161912015840051,
    "L2_aggr_sing_diff_shap": [
        0.10071014139585904,
        0.0404351603369907
    ]
}