{
    "L2_mshap_sing_norm": [
        0.26412549614616493,
        0.42120424766981246,
        0.6702579553100718
    ],
    "L2_mshap_group_norm": [
        0.6716715163301465,
        0.6730173920672418
    ],
    "L2_mshap_sing_diff": [
        0.26412549614616493,
        0.26891475095808215,
        0.043848718099393155
    ],
    "L2_mshap_sing_diff_tot": 0.37947349192831004,
    "L2_mshap_group_diff": [
        0.029640831170695738,
        0.028079910864181507
    ],
    "L2_mshap_group_diff_tot": 0.04082964935717752,
    "L2_aggr_sing_diff_shap": [
        0.376931586627209,
        0.043848718099393155
    ]
}