{
    "model_type":"CatBoostClassifier",
    "model_mean_train":-1.5048547633566185,
    "model_mean_test":-1.4962989246571858,
    "rand_model_mean_train":[
        -1.5131695178914282,
        -1.469001707067276,
        -1.515123196919921,
        -1.4826767455582013,
        -1.4126454849540953,
        -1.5144134550281894,
        -1.5418073499709073,
        -1.4939422169310659,
        -1.489197993182765,
        -1.5305320733177192,
        -1.5042092669897384,
        -1.51357462193322,
        -1.5291727560203665,
        -1.4890348159785696,
        -1.5270357523779197,
        -1.4859199806935939,
        -1.448187975357878,
        -1.4973143365533763,
        -1.4643091533056267,
        -1.517024050393409
    ],
    "rand_model_mean_test":[
        -1.506263318711716,
        -1.4630272219975746,
        -1.5101501613787018,
        -1.4796469075610839,
        -1.4005646213319154,
        -1.5072652154091217,
        -1.5344874679539502,
        -1.492119387767485,
        -1.4879529404546301,
        -1.5301395365787807,
        -1.50415913438972,
        -1.510770523942712,
        -1.5270021405288763,
        -1.4837416395204281,
        -1.5208267993490463,
        -1.4802127524622803,
        -1.4413383653964895,
        -1.4926986226383083,
        -1.4568454853810358,
        -1.5110816608102973
    ],
    "model_params":{
        "iterations":100,
        "min_data_in_leaf":5,
        "depth":5,
        "early_stopping_rounds":null,
        "subsample":0.8,
        "learning_rate":0.1,
        "thread_count":8,
        "verbose":false,
        "random_state":518473295
    },
    "metr_dict":{
        "auc_train":0.797000552176957,
        "auc_test":0.8002839321304666,
        "log_loss_train":0.4172024597309247,
        "log_loss_test":0.41170749536097717,
        "L2_norm_score_train":0.29429269131604163,
        "L2_norm_score_test":0.29518132560969035,
        "L2_norm_pop_min_train":1.847874386397876,
        "L2_norm_pop_min_test":1.8386081255757374,
        "L2_dist_train":[
            0.1924401565222731,
            0.1766303462941795,
            0.2566193390796971,
            0.1954051123598103,
            0.2515207828561679,
            0.1802650790853589,
            0.268680906826702,
            0.16143856339044607,
            0.20406814586226246,
            0.25399847856108093,
            0.24310131673606622,
            0.21705762788587762,
            0.22593067879123985,
            0.1686974983945618,
            0.246032761218936,
            0.14569724091105724,
            0.25493732139897746,
            0.14990584145298722,
            0.20518338848321352,
            0.21808429433304044
        ],
        "L2_dist_test":[
            0.19642920139575573,
            0.1725195311141434,
            0.25031307730489355,
            0.1964897078992427,
            0.24781983353212272,
            0.18433747283535065,
            0.2706289810736127,
            0.16216285324318883,
            0.2039628186007318,
            0.262975109904701,
            0.24338289671866625,
            0.22697593287707163,
            0.22801654452026365,
            0.1618188052124,
            0.243158955393853,
            0.14148616809852133,
            0.2435641155110814,
            0.15244347650233372,
            0.20120223286841854,
            0.21361298065678677
        ]
    },
    "pred_names":[
        "LIMIT_BAL",
        "EDUCATION",
        "PAY_0",
        "PAY_2",
        "PAY_3",
        "PAY_4",
        "PAY_5",
        "PAY_6",
        "BILL_AMT1",
        "BILL_AMT2",
        "BILL_AMT3",
        "BILL_AMT4",
        "BILL_AMT5",
        "BILL_AMT6",
        "PAY_AMT1",
        "PAY_AMT2",
        "PAY_AMT3",
        "PAY_AMT4",
        "PAY_AMT5",
        "PAY_AMT6"
    ],
    "model_filename":"C:\\Users\\posto\\GitRepos\\Stability-group-explanations-paper\\uci_default_credit_shap/models/model.dat",
    "data_train_filename":"C:\\Users\\posto\\GitRepos\\Stability-group-explanations-paper\\uci_default_credit_shap/dataset/data_train.csv",
    "data_test_filename":"C:\\Users\\posto\\GitRepos\\Stability-group-explanations-paper\\uci_default_credit_shap/dataset/data_test.csv"
}