{
    "model_type":"CatBoostRegressor",
    "model_mean_train":34.394137107677594,
    "model_mean_test":34.44400703698588,
    "rand_model_mean_train":[
        34.39316474856958,
        34.39392406525371,
        34.39463966208938,
        34.39508934988518,
        34.39299845517029,
        34.39514130100895,
        34.3937604184518,
        34.39367635032526,
        34.395032705188726,
        34.39266273834675,
        34.39507331677937,
        34.39634824621563,
        34.395082338758066,
        34.394402074078506,
        34.39488516580527,
        34.39598377600965,
        34.394828403804816,
        34.39448558095489,
        34.39106553565953,
        34.392785808039775,
        34.39504555480477,
        34.392760786205734,
        34.39368900398937,
        34.39409810202082,
        34.39638613847811
    ],
    "rand_model_mean_test":[
        34.427863138825124,
        34.438775317729714,
        34.37740056234546,
        34.43654692811025,
        34.35691245671021,
        34.35566061294351,
        34.38091807172423,
        34.37563733282469,
        34.378276561228745,
        34.41746337429499,
        34.37248818399482,
        34.32142337181295,
        34.37031175783691,
        34.45071749294211,
        34.356035415580465,
        34.35370530363203,
        34.39077177131729,
        34.41740101130572,
        34.39007361904149,
        34.44983096407555,
        34.35583692339444,
        34.33803094522726,
        34.408203990050815,
        34.38640667449057,
        34.385365094321735
    ],
    "model_params":{
        "iterations":300,
        "min_data_in_leaf":5,
        "depth":8,
        "early_stopping_rounds":null,
        "subsample":0.8,
        "learning_rate":0.1,
        "thread_count":8,
        "verbose":false,
        "random_state":518473295
    },
    "metr_dict":{
        "L2_norm_pop_min_train":47.428084638036545,
        "L2_norm_pop_min_test":47.48217757788296,
        "L2_dist_train":[
            2.0451682910030895,
            1.8633236394637367,
            2.2240775977905587,
            1.7881619984141492,
            2.099449240063435,
            1.9870640213895803,
            2.224316550400474,
            1.827127020863126,
            2.599937856469184,
            1.8662685826997016,
            2.2322655976075834,
            1.9785835262769254,
            2.698150794012384,
            1.8649997662970352,
            1.8202989495622937,
            2.166648762539383,
            2.447164181669119,
            2.6298097955460444,
            2.110415648537704,
            2.3648409354485183,
            1.7808764796971752,
            2.1851614225217917,
            2.1554300466624112,
            2.5622614754636714,
            1.802284453550895
        ],
        "L2_dist_test":[
            2.5587774029906005,
            2.21769677024954,
            2.7303341015698646,
            2.332663751036577,
            2.4396584672815695,
            2.363239550038405,
            2.465554902691165,
            2.3460170550927923,
            2.787388904059801,
            2.3474384450028927,
            2.6270097361404234,
            2.4399205202592373,
            2.752456914850609,
            2.4812760367584006,
            2.3851787448937514,
            2.7124493040409416,
            2.80863216692369,
            2.7029091948073383,
            2.714876960413031,
            2.777731209629601,
            2.163313942235518,
            2.78018135482762,
            2.7135740877599814,
            2.7877326701735154,
            2.229385481226709
        ],
        "L2_error_train":7.704167547563522,
        "L2_error_test":9.44556269512215
    },
    "pred_names":[
        "number_of_elements",
        "mean_atomic_mass",
        "wtd_mean_atomic_mass",
        "gmean_atomic_mass",
        "wtd_gmean_atomic_mass",
        "entropy_atomic_mass",
        "wtd_entropy_atomic_mass",
        "range_atomic_mass",
        "wtd_range_atomic_mass",
        "std_atomic_mass",
        "wtd_std_atomic_mass",
        "mean_fie",
        "wtd_mean_fie",
        "gmean_fie",
        "wtd_gmean_fie",
        "entropy_fie",
        "wtd_entropy_fie",
        "range_fie",
        "wtd_range_fie",
        "std_fie",
        "wtd_std_fie",
        "mean_atomic_radius",
        "wtd_mean_atomic_radius",
        "gmean_atomic_radius",
        "wtd_gmean_atomic_radius",
        "entropy_atomic_radius",
        "wtd_entropy_atomic_radius",
        "range_atomic_radius",
        "wtd_range_atomic_radius",
        "std_atomic_radius",
        "wtd_std_atomic_radius",
        "mean_Density",
        "wtd_mean_Density",
        "gmean_Density",
        "wtd_gmean_Density",
        "entropy_Density",
        "wtd_entropy_Density",
        "range_Density",
        "wtd_range_Density",
        "std_Density",
        "wtd_std_Density",
        "mean_ElectronAffinity",
        "wtd_mean_ElectronAffinity",
        "gmean_ElectronAffinity",
        "wtd_gmean_ElectronAffinity",
        "entropy_ElectronAffinity",
        "wtd_entropy_ElectronAffinity",
        "range_ElectronAffinity",
        "wtd_range_ElectronAffinity",
        "std_ElectronAffinity",
        "wtd_std_ElectronAffinity",
        "mean_FusionHeat",
        "wtd_mean_FusionHeat",
        "gmean_FusionHeat",
        "wtd_gmean_FusionHeat",
        "entropy_FusionHeat",
        "wtd_entropy_FusionHeat",
        "range_FusionHeat",
        "wtd_range_FusionHeat",
        "std_FusionHeat",
        "wtd_std_FusionHeat",
        "mean_ThermalConductivity",
        "wtd_mean_ThermalConductivity",
        "gmean_ThermalConductivity",
        "wtd_gmean_ThermalConductivity",
        "entropy_ThermalConductivity",
        "wtd_entropy_ThermalConductivity",
        "range_ThermalConductivity",
        "wtd_range_ThermalConductivity",
        "std_ThermalConductivity",
        "wtd_std_ThermalConductivity",
        "mean_Valence",
        "wtd_mean_Valence",
        "gmean_Valence",
        "wtd_gmean_Valence",
        "entropy_Valence",
        "wtd_entropy_Valence",
        "range_Valence",
        "wtd_range_Valence",
        "std_Valence",
        "wtd_std_Valence"
    ],
    "model_filename":"C:\\Users\\posto\\GitRepos\\Stability2-manuscript\\uci_superconductivity/models/model.dat",
    "data_train_filename":"C:\\Users\\posto\\GitRepos\\Stability2-manuscript\\uci_superconductivity/dataset/data_train.csv",
    "data_test_filename":"C:\\Users\\posto\\GitRepos\\Stability2-manuscript\\uci_superconductivity/dataset/data_test.csv"
}